{
    "categories" :[
        {
            "Major_Category":"Business",
            "Category" : [
                {
                    "category_name":"Leadership & Management",
                    "sub_categories":[
                        {
                            "sub_category_name":"Communication",
                            "topics":[
                                "Business Communication",
                                "Email Writing and Etiquette",
                                "Business Etiquette",
                                "Business Writing",
                                "Body Language",
                                "Presentation Skills",
                                "Decision Making",
                                "Leadership",
                                "Management Skills",
                                "Communication Skills",
                                "Interpersonal Feedback",
                                "Stress Management",
                                "Soft Skills",
                                "Research Paper Writing"
                              ]
                              
                        },
                        {
                            "sub_category_name":"Leadership",
                            "topics":[
                                "Emotional Intelligence",
                                "Leadership",
                                "Management Skills",
                                "Manager Training",
                                "Growth Mindset",
                                "Communication Skills",
                                "Email Writing and Etiquette",
                                "Virtual Teams",
                                "Conflict Management",
                                "Persuasion",
                                "Psychology",
                                "Decision Making"
                              ]                              
                        },
                        {
                            "sub_category_name":"Diversity, Equity & Inclusion (DEI)",
                            "topics":[
                                "Diversity and Inclusion",
                                "Emotional Intelligence",
                                "Workplace Health and Safety",
                                "Cultural Awareness",
                                "Critical Thinking"
                              ]                              
                        },
                        {
                            "sub_category_name":"Career Success",
                            "topics":[
                                "SAP S/4HANA",
                                "Personal Success",
                                "Mindset",
                                "Growth Mindset"
                              ]                              
                        },
                        {
                            "sub_category_name":"Strategy",
                            "topics":[
                                "Business Fundamentals",
                                "Business Plan"
                            ]
                        },
                        {
                            "sub_category_name":"Management",
                            "topics":[
                                "Psycology",
                                "Management Skills"
                            ]
                        }
                    ]
                },
                {
                    "category_name":"Business Operations",
                    "sub_categories":[
                        {
                            "sub_category_name":"Operations Management",
                            "topics":[
                                "Value Stream Mapping",
                                "Process Mapping",
                                "Business Process Modeling",
                                "Interviewing Skills",
                                "SAP",
                                "Six Sigma",
                                "Lean",
                                "Lean Six Sigma Green Belt",
                                "Internal Auditing",
                                "Certified Quality Auditor (CQA)",
                                "Payment Processing",
                                "Lean Six Sigma White Belt",
                                "SAP S/4HANA",
                                "Product Management",
                                "ISO 9001",
                                "SAP Workflow",
                                "SAP PP",
                                "Aviation"
                              ]    
                        },
                        {
                            "sub_category_name":"Business Analysis",
                            "topics":[
                                "Business Analysis",
                                "Microsoft Fabric",
                                "Microsoft Power BI"
                              ]    
                        },
                        {
                            "sub_category_name":"Supply Chain Management",
                            "topics":[
                                "SAP SD",
                                "SAP IDoc",
                                "Supply Chain"
                              ]
                        }
                    ]
                },
                {
                    "category_name":"Workplace & Human Resources",
                    "sub_categories":[
                        {
                            "sub_category_name":"Work Safety",
                            "topics":[
                                "Sexual Harassment Prevention",
                                "Workplace Health and Safety",
                                "Fire Safety",
                                "OSHA (Occupational Safety and Health Administration)",
                                "Risk Management",
                                "Emergency Management"
                              ]
                              
                        },
                        {
                            "sub_category_name":"Human Resources Fundamentals",
                            "topics":[
                                "Contract Law",
                                "Human Resources",
                                "HR Analytics (Human Resources Analytics)",
                                "ChatGPT",
                                "Agile HR (Agile Human Resources)"
                              ]
                              
                        },
                        {
                            "sub_category_name":"Talent Management",
                            "topics":[
                                "Recruiting",
                                "Hiring"
                            ]
                        },
                        {
                            "sub_category_name": "Compliance",
                            "topics": [
                            "Leadership",
                            "First Aid"
                            ]
                        },
                        {
                            "sub_category_name": "Learning & Development",
                            "topics": [
                            "Study Skills"
                            ]
                        }                        
                    ]
                },
                {
                    "category_name":"Marketing",
                    "sub_categories":[
                        {
                          "sub_category_name": "Marketing Strategy",
                          "topics": [
                            "GDPR",
                            "ChatGPT",
                            "Journalism"
                          ]
                        },
                        {
                          "sub_category_name": "Marketing Analytics & Automation",
                          "topics": [
                            "HubSpot"
                          ]
                        },
                        {
                          "sub_category_name": "Social Media Marketing",
                          "topics": [
                            "Instagram Marketing",
                            "LinkedIn"
                          ]
                        },
                        {
                          "sub_category_name": "Digital Marketing",
                          "topics": [
                            "Digital Marketing"
                          ]
                        },
                        {
                          "sub_category_name": "Content Marketing",
                          "topics": [
                            "Copywriting",
                            "YouTube Marketing"
                          ]
                        }
                      ]                      
                },
                {
                    "category_name":"Project & Product Management",
                    "sub_categories":[
                        {
                          "sub_category_name": "Product Management",
                          "topics": [
                            "Product Management",
                            "SAP Activate",
                            "SAP Certified Associate - SAP Activate Project Manager"
                          ]
                        },
                        {
                          "sub_category_name": "Project Management Certifications",
                          "topics": [
                            "Project Management",
                            "Scrum",
                            "Professional Scrum Master (PSM)",
                            "Product Ownership"
                          ]
                        },
                        {
                          "sub_category_name": "Project Management",
                          "topics": [
                            "Oracle Primavera",
                            "Project Management Office",
                            "Project Management",
                            "PRINCE2",
                            "SAP Workflow",
                            "Professional Scrum Master (PSM)"
                          ]
                        },
                        {
                          "sub_category_name": "Project Management Tools",
                          "topics": [
                            "JIRA"
                          ]
                        },
                        {
                          "sub_category_name": "Agile & Scrum",
                          "topics": [
                            "Agile"
                          ]
                        }
                      ]                      
                },
                {
                    "category_name":"Sales",
                    "sub_categories":[
                        {
                          "sub_category_name": "Sales Skills & Tools",
                          "topics": [
                            "SAP",
                            "Sales Skills",
                            "B2B Sales",
                            "SAP PP",
                            "SAP Business Technology Platform (SAP BTP)",
                            "Value Proposition Design",
                            "SAP SD",
                            "Cold Calling",
                            "SAP Financial Accounting",
                            "Retail Business",
                            "Salesforce",
                            "SAP IDoc",
                            "SAP S/4HANA",
                            "Negotiation",
                            "Presentation Skills"
                          ]
                        },
                        {
                          "sub_category_name": "Customer Success & Customer Service",
                          "topics": [
                            "SAP SD",
                            "SAP MM"
                          ]
                        }
                      ]                      
                },
                {
                    "category_name":"Finance & Accounting",
                    "sub_categories":[
                        {
                          "sub_category_name": "Accounting Software",
                          "topics": [
                            "SAP FICO",
                            "SAP S/4HANA",
                            "SAP HANA",
                            "SAP",
                            "Sarbanes-Oxley (SOX)",
                            "SAP ABAP"
                          ]
                        },
                        {
                          "sub_category_name": "Accounting",
                          "topics": [
                            "IFRS",
                            "Payments",
                            "SAP Business One"
                          ]
                        },
                        {
                          "sub_category_name": "Finance",
                          "topics": [
                            "Payroll Accounting",
                            "Payments",
                            "TallyPrime (Tally.ERP)",
                            "SAP FICO",
                            "Anti-Money Laundering"
                          ]
                        },
                        {
                          "sub_category_name": "Investing & Trading",
                          "topics": [
                            "Stock Trading",
                            "Forex Trading",
                            "MQL"
                          ]
                        },
                        {
                          "sub_category_name": "Financial Modeling & Analysis",
                          "topics": [
                            "SAP FICO",
                            "Business Budgeting",
                            "Financial Planning"
                          ]
                        }
                      ]                      
                }
            ]
        },
        {
            "Major_Category":"Technology",
            "Category":[
                {
                    "category_name":"Development",
                    "sub_categories":[
                        {
                          "sub_category_name": "Web Development",
                          "topics": [
                            "React JS",
                            "JavaScript",
                            "ASP.NET Core",
                            "Redux Framework",
                            "Spring Framework",
                            "Web Development",
                            "CSS",
                            "HTML5",
                            "Responsive Design",
                            "Spring Boot",
                            "Node.Js",
                            "Spring Cloud",
                            "Angular",
                            "Microservices",
                            "Aspect-Oriented Programming",
                            "HTML",
                            "ASP.NET",
                            "Typescript",
                            "Hibernate",
                            "Full Stack Web Development",
                            "Chart.js",
                            ".NET",
                            "SAP Business Technology Platform (SAP BTP)",
                            "Python",
                            "Bootstrap",
                            "Adobe Experience Manager",
                            "C# (programming language)",
                            "MEAN Stack",
                            "Vue JS",
                            "AJAX",
                            "Azure Functions",
                            "Tailwind CSS",
                            "Dependency Injection",
                            "OData",
                            "Microsoft Entra ID / Azure Active Directory",
                            "API",
                            "Next.js",
                            "Django",
                            "Back End Web Development",
                            "Front End Web Development",
                            "Azure DevOps",
                            "PHP",
                            "Point of Sale",
                            "Web Accessibility",
                            "ASP.NET MVC",
                            "Firebase",
                            "React Router",
                            "Front-End Development",
                            "GraphQL",
                            "Continuous Integration (CI)",
                            "Continuous Delivery (CD)"
                          ]
                        },
                        {
                          "sub_category_name": "DevOps",
                          "topics": [
                            "Spatial Analysis",
                            "ArcGIS",
                            "Remote Sensing",
                            "Git",
                            "Docker",
                            "DevOps",
                            "JMeter",
                            "CI/CD",
                            "Performance Testing",
                            "Microsoft Playwright",
                            "SAP Business Technology Platform (SAP BTP)",
                            "Software Testing",
                            "Jenkins",
                            "Azure DevOps",
                            "SAPUI5",
                            "Dynatrace",
                            "Spring Security",
                            "Amazon ECS",
                            "Kubernetes",
                            "Entity Framework",
                            "Pega",
                            "Ansible",
                            "Chef Software",
                            "OpenAI API",
                            "Automation",
                            "Build Automation",
                            "Cucumber Software",
                            "OutSystems",
                            "Helm"
                          ]
                        },
                        {
                          "sub_category_name": "Programming Languages",
                          "topics": [
                            "Java",
                            "Python",
                            "JavaScript",
                            "ECMAscript",
                            "Selenium WebDriver",
                            "SAP ABAP",
                            "C# (programming language)",
                            "Design Patterns (software)",
                            "Functional Programming",
                            "Data Structures",
                            "Java Algorithms",
                            "Go (programming language)",
                            "C++ (programming language)",
                            "SAP HANA",
                            "Express Framework",
                            "REST API",
                            "SQL",
                            "Web Development",
                            "Programming Fundamentals",
                            "Excel",
                            "Typescript",
                            "Git",
                            "Linq",
                            "PowerShell",
                            "OutSystems",
                            "Ruby",
                            "Certified Entry-Level Python Programmer (PCEP)",
                            "Java Virtual Machine",
                            "Scala",
                            "Object Oriented Programming",
                            "Data Visualization",
                            "R (programming language)",
                            "Apache Maven",
                            "Microsoft Power Automate",
                            "Regular Expressions",
                            "Natural Language Processing"
                          ]
                        },
                        {
                          "sub_category_name": "Software Testing",
                          "topics": [
                            "Selenium WebDriver",
                            "Java",
                            "Software Testing",
                            "API Testing",
                            "Mockito",
                            "JUnit",
                            "Appium",
                            "Unit Testing",
                            "REST Assured",
                            "TestNG",
                            "Postman",
                            "Design Patterns (software)",
                            "Automation Testing",
                            "Go (programming language)",
                            "ISTQB Certified Tester Foundation Level (CTFL)",
                            "REST API"
                          ]
                        },
                        {
                          "sub_category_name": "Software Engineering",
                          "topics": [
                            "Apache Kafka",
                            "Microservices",
                            "SOLIDWORKS",
                            "Certified SOLIDWORKS Associate (CSWA)",
                            "Software Architecture",
                            "SaaS",
                            "DevOps",
                            "Jenkins",
                            "RabbitMQ",
                            "GIS",
                            "Software Practices",
                            "Design Thinking",
                            "SOLID Principles",
                            "Spring Boot",
                            "Technical Drawing",
                            "Coding Interview"
                          ]
                        },
                        {
                          "sub_category_name": "Database Design & Development",
                          "topics": [
                            "SQL",
                            "SQL Server",
                            "Big Data",
                            "Apache Nifi",
                            "MySQL",
                            "Azure Data Factory",
                            "LangChain",
                            "MongoDB",
                            "PostgreSQL",
                            "Data Analysis",
                            "SAP Business One",
                            "Blockchain",
                            "Hyperledger Fabric",
                            "Ethereum"
                          ]
                        },
                        {
                          "sub_category_name": "Mobile Development",
                          "topics": [
                            "React Native",
                            "Microsoft Power Apps",
                            "Google Flutter",
                            "IntelliJ",
                            "Java",
                            "iOS Development",
                            "Swift",
                            "Unity",
                            "2D Game Development"
                          ]
                        },
                        {
                          "sub_category_name": "Game Development",
                          "topics": [
                            "Level Design",
                            "3D Game Development",
                            "Game Development Fundamentals",
                            "Unity",
                            "Game Design",
                            "Artificial Intelligence",
                            "C# (programming language)"
                          ]
                        }
                      ]                      
                },
                {
                    "category_name":"Office Productivity",
                    "sub_categories":[
                        {
                          "sub_category_name": "Email & Productivity",
                          "topics": [
                            "Excel",
                            "SAP MM",
                            "Automation",
                            "Python",
                            "SAP",
                            "SAP Business Technology Platform (SAP BTP)",
                            "SAP ABAP",
                            "Microsoft Outlook",
                            "ChatGPT",
                            "Typing",
                            "SQL"
                          ]
                        },
                        {
                          "sub_category_name": "Spreadsheets",
                          "topics": [
                            "Excel",
                            "Excel Formulas and Functions",
                            "Microsoft Office",
                            "Data Analysis",
                            "Pivot Tables",
                            "DAX"
                          ]
                        },
                        {
                          "sub_category_name": "Word Processing",
                          "topics": [
                            "Microsoft Word"
                          ]
                        },
                        {
                          "sub_category_name": "Presentations",
                          "topics": [
                            "PowerPoint"
                          ]
                        },
                        {
                          "sub_category_name": "Collaboration",
                          "topics": [
                            "Microsoft Power Automate",
                            "Microsoft Power Apps",
                            "SharePoint",
                            "Microsoft Power Platform"
                          ]
                        },
                        {
                          "sub_category_name": "Operating Systems",
                          "topics": [
                            "System Administration"
                          ]
                        }
                      ]                      
                },
                {
                    "category_name":"IT Operations",
                    "sub_categories":[
                        {
                          "sub_category_name": "IT Certifications",
                          "topics": [
                            "Amazon AWS",
                            "AWS Certified Cloud Practitioner",
                            "SAP",
                            "QGIS",
                            "AWS Certified Solutions Architect - Associate",
                            "GIS",
                            "Microsoft AZ-900: Azure Fundamentals",
                            "Microsoft MS-102: 365 Administrator Expert",
                            "Salesforce Certified Administrator",
                            "Microsoft MS-203: 365 Messaging Administrator Associate",
                            "Microsoft MS-100: 365 Administrator Expert",
                            "Microsoft Azure",
                            "Microsoft AZ-104: Azure Administrator",
                            "Microsoft AZ-204: Azure Developer Associate",
                            "Terraform",
                            "Data Quality Management",
                            "Azure SQL Database",
                            "Microsoft AZ-305: Azure Solutions Architect Expert",
                            "Healthcare IT",
                            "Microsoft Dynamics 365",
                            "Microsoft Power Platform",
                            "Cisco Certified Network Associate (CCNA)",
                            "Kubernetes",
                            "Certified Kubernetes Administrator (CKA)",
                            "DevOps",
                            "Cellular Networking",
                            "Data Structures",
                            "Microsoft SC-300: Identity and Access Administrator Associate",
                            "Microsoft Fabric",
                            "Quantum Computing",
                            "Qiskit",
                            "Spring Professional Certification",
                            "IT Service Management",
                            "HashiCorp Vault",
                            "HashiCorp Certified: Vault Associate",
                            "SAP IDoc",
                            "Microsoft AZ-400: DevOps Engineer Expert",
                            "Amazon AWS",
                            "IT Networking Fundamentals",
                            "MuleSoft Certified Integration Architect (MCIA)",
                            "CompTIA A+",
                            "Java",
                            "IT Fundamentals",
                            "React JS",
                            "Microservices",
                            "Microsoft PL-300: Power BI Data Analyst Associate",
                            "AWS Certified Developer - Associate",
                            "Certified Information Security Manager (CISM)",
                            "AWS Certified Cloud Practitioner",
                            "SAP",
                            "QGIS",
                            "AWS Certified Solutions Architect - Associate",
                            "GIS",
                            "Microsoft AZ-900: Azure Fundamentals",
                            "Microsoft MS-102: 365 Administrator Expert",
                            "Salesforce Certified Administrator",
                            "Microsoft MS-203: 365 Messaging Administrator Associate",
                            "Microsoft MS-100: 365 Administrator Expert",
                            "Microsoft Azure",
                            "Microsoft AZ-104: Azure Administrator",
                            "Microsoft AZ-204: Azure Developer Associate",
                            "Terraform",
                            "Data Quality Management",
                            "Azure SQL Database",
                            "Microsoft AZ-305: Azure Solutions Architect Expert",
                            "Healthcare IT",
                            "Microsoft Dynamics 365",
                            "Microsoft Power Platform",
                            "Cisco Certified Network Associate (CCNA)",
                            "Kubernetes",
                            "Certified Kubernetes Administrator (CKA)",
                            "DevOps",
                            "Cellular Networking",
                            "Data Structures",
                            "Microsoft SC-300: Identity and Access Administrator Associate",
                            "Microsoft Fabric",
                            "Quantum Computing",
                            "Qiskit",
                            "Spring Professional Certification",
                            "IT Service Management",
                            "HashiCorp Vault",
                            "HashiCorp Certified: Vault Associate",
                            "SAP IDoc",
                            "Microsoft AZ-400: DevOps Engineer Expert",
                            "Amazon AWS",
                            "IT Networking Fundamentals",
                            "MuleSoft Certified Integration Architect (MCIA)",
                            "CompTIA A+",
                            "Java",
                            "IT Fundamentals",
                            "React JS",
                            "Microservices",
                            "Microsoft PL-300: Power BI Data Analyst Associate",
                            "AWS Certified Developer - Associate",
                            "Certified Information Security Manager (CISM)"
                          ]
                        },
                        {
                          "sub_category_name": "Networking",
                          "topics": [
                            "Telecom",
                            "Cellular Networking",
                            "Spring Security",
                            "HPE Aruba Networking",
                            "Cybersecurity",
                            "Network Infrastructure",
                            "Citrix",
                            "PowerShell",
                            "Cybersecurity Social Engineering",
                            "SAP LSMW",
                            "IT Networking Fundamentals",
                            "5G",
                            "Java",
                            "Commvault",
                            "Computer Network",
                            "Malware",
                            "Reverse Engineering",
                            "Microsoft Azure",
                            "Identity and Access Management",
                            "Data and Information Management",
                            "Information Security",
                            "Cybersecurity Awareness",
                            "Microsoft SC-900: Security, Compliance, and Identity Fundamentals",
                            "Assembly Language",
                            "SonarQube / SonarCloud",
                            "Microsoft Entra ID / Azure Active Directory"
                          ]
                        },
                        {
                          "sub_category_name": "Operating Systems & Servers",
                          "topics": [
                            "Telecom",
                            "SAP Basis",
                            "Linux",
                            "SAP Security",
                            "Linux Administration",
                            "SAP Extended Warehouse Management",
                            "Microsoft Windows",
                            "Ubuntu",
                            "SAP Business Technology Platform (SAP BTP)",
                            "SQL",
                            "Microsoft Office 365",
                            "SAP Plant Maintenance",
                            "VMware Vsphere",
                            "Windows Server",
                            "PowerShell",
                            "SAP",
                            "Microsoft Entra ID / Azure Active Directory",
                            "SAP OS/DB Migration",
                            "SAP Fiori",
                            "Microsoft AZ-900: Azure Fundamentals",
                            "SAP GRC",
                            "Docker",
                            "Azure Virtual Desktop"
                          ]
                        },
                        {
                          "sub_category_name": "Database Administration",
                          "topics": [
                            "SAP BW",
                            "SAP Certified Application Associate - SAP BW/4HANA",
                            "T-SQL",
                            "Snowflake",
                            "Oracle SQL",
                            "SQL Server",
                            "Excel Analytics",
                            "Excel Dashboard",
                            "PostgreSQL",
                            "SAP S/4HANA"
                          ]
                        },
                        {
                          "sub_category_name": "Hardware",
                          "topics": [
                            "Electricity",
                            "Power Engineering",
                            "Cadence OrCAD/Allegro",
                            "PCB Design",
                            "Network Engineering",
                            "Power Electronics",
                            "Verilog HDL Programming",
                            "Digital Circuit Design",
                            "Electronics"
                          ]
                        }
                      ]                      
                },
                {
                    "category_name":"Design",
                    "sub_categories":[
                        {
                          "sub_category_name": "Design Tools",
                          "topics": [
                            "AutoCAD",
                            "Revit",
                            "Architectural Design",
                            "Grasshopper 3d",
                            "CATIA",
                            "VideoScribe",
                            "Whiteboard Animation",
                            "SketchUp",
                            "Mobile Video Production",
                            "Creo",
                            "Video Production",
                            "3ds Max",
                            "Geometric Dimensioning and Tolerancing (GD&T)",
                            "Adobe Premiere",
                            "Video Editing"
                          ]
                        },
                        {
                          "sub_category_name": "3D & Animation",
                          "topics": [
                            "Blender",
                            "3D Modeling",
                            "Finite Element Analysis",
                            "CATIA",
                            "3ds Max",
                            "Digital Character Sculpting"
                          ]
                        },
                        {
                          "sub_category_name": "User Experience Design",
                          "topics": [
                            "AutoCAD",
                            "User Experience Design",
                            "Selenium Testing Framework"
                          ]
                        },
                        {
                          "sub_category_name": "Web Design",
                          "topics": [
                            "CSS",
                            "Web Design",
                            "HTML",
                            "CSS Animations"
                          ]
                        },
                        {
                          "sub_category_name": "Graphic Design & Illustration",
                          "topics": [
                            "Canva",
                            "Blender",
                            "GIMP",
                            "Image Editing"
                          ]
                        },
                        {
                          "sub_category_name": "Game Design",
                          "topics": [
                            "Game Design"
                          ]
                        }
                      ]                      
                },
                {
                    "category_name":"Data Science",
                    "sub_categories":[
                        {
                          "sub_category_name": "Big Data",
                          "topics": [
                            "QGIS",
                            "Microsoft Power BI",
                            "Google Earth Engine",
                            "GIS",
                            "Deep Learning",
                            "Reinforcement Learning",
                            "Apache Spark",
                            "Azure Synapse Analytics",
                            "Databricks",
                            "Google Cloud Professional Data Engineer",
                            "MongoDB",
                            "Apache Cassandra",
                            "Big Data",
                            "Scala"
                          ]
                        },
                        {
                          "sub_category_name": "Machine Learning",
                          "topics": [
                            "Data Science",
                            "Machine Learning",
                            "Python",
                            "Artificial Intelligence",
                            "Docker",
                            "OpenAI API",
                            "MLOps",
                            "ML Model Deployment",
                            "ChatGPT",
                            "Apache Spark",
                            "Scala",
                            "Generative AI",
                            "Exploratory Data Analysis",
                            "Natural Language Processing",
                            "Microsoft DP-100: Azure Data Scientist Associate",
                            "Deep Learning",
                            "Neural Networks",
                            "Hyperledger Fabric"
                          ]
                        },
                        {
                          "sub_category_name": "Analytics",
                          "topics": [
                            "SQL",
                            "Microsoft Power BI",
                            "Data Modeling",
                            "SAP Certified Application Associate - SAP Analytics Cloud",
                            "SAP HANA",
                            "Qlik Sense",
                            "Data Science",
                            "SAP BW",
                            "DAX",
                            "PL/SQL",
                            "SAP Analytics Cloud",
                            "Business Analytics",
                            "SAP BI",
                            "SAP S/4HANA",
                            "Data Analysis",
                            "BEx Analyzer",
                            "Business Intelligence",
                            "QGIS",
                            "Microsoft PL-900: Power Platform Fundamentals",
                            "Microsoft Power Platform",
                            "Crystal Reports",
                            "MySQL",
                            "1Z0-149: Oracle Database PL/SQL Developer Certified Professional",
                            "Python",
                            "Excel Analytics",
                            "SAP GRC",
                            "SAP BusinessObjects"
                          ]
                        },
                        {
                          "sub_category_name": "Math & Statistics",
                          "topics": [
                            "LangChain",
                            "GMAT",
                            "Data Science"
                          ]
                        },
                        {
                          "sub_category_name": "Data Visualization",
                          "topics": [
                            "Microsoft Power BI",
                            "Tableau",
                            "SAP HANA",
                            "Time Series Analysis",
                            "Microsoft PL-300: Power BI Data Analyst Associate"
                          ]
                        },
                        {
                          "sub_category_name": "Statistical Analysis",
                          "topics": [
                            "Discrete Math",
                            "Math",
                            "Seven Basic Tools of Quality"
                          ]
                        }
                      ]                      
                },
                {
                    "category_name":"Cloud Computing",
                    "sub_categories":[
                        {
                          "sub_category_name": "Cloud Development",
                          "topics": [
                            "Cloud Computing",
                            "Microsoft AZ-900: Azure Fundamentals",
                            "Microsoft Azure",
                            "Amazon S3",
                            "Microsoft DP-900: Azure Data Fundamentals",
                            "Azure DevOps",
                            "Azure Data Factory",
                            "Microsoft AI-102: Azure AI Engineer Associate",
                            "ASP.NET Core",
                            "Azure Logic Apps",
                            "API",
                            "Amazon AWS",
                            "Cloud Architecture",
                            "Database Management",
                            "Linux",
                            "Google Cloud",
                            "Data Engineering",
                            "Boto",
                            "Microsoft ADFS"
                          ]
                        },
                        {
                          "sub_category_name": "Cloud Certifications",
                          "topics": [
                            "Microsoft AI-900: Azure AI Fundamentals",
                            "Amazon AWS",
                            "AWS Certified Cloud Practitioner",
                            "Microsoft AZ-900: Azure Fundamentals",
                            "Microsoft AZ-204: Azure Developer Associate",
                            "Microsoft AZ-700: Azure Network Engineer Associate"
                          ]
                        }
                      ]                      
                },
                {
                    "category_name":"Cybersecurity",
                    "sub_categories":[
                        {
                          "sub_category_name": "Cybersecurity Certifications",
                          "topics": [
                            "CompTIA Security+",
                            "Information Security",
                            "Microsoft AZ-500: Azure Security Engineer Associate",
                            "Cloud Security",
                            "Microsoft SC-300: Identity and Access Administrator Associate"
                          ]
                        },
                        {
                          "sub_category_name": "Security Awareness",
                          "topics": [
                            "Microsoft Intune",
                            "FortiGate",
                            "Cybersecurity Awareness",
                            "NGINX",
                            "Palo Alto Firewall",
                            "SAP",
                            "Wireshark",
                            "Burp Suite"
                          ]
                        },
                        {
                          "sub_category_name": "Offensive Security",
                          "topics": [
                            "Network Security",
                            "Penetration Testing",
                            "Ethical Hacking"
                          ]
                        }
                      ]                      
                }
            ]
        },
        {
            "Major_Category":"Personal Development",
            "Category":[
                {
                    "category_name":"Language Learning",
                    "sub_categories":[
                        {
                          "sub_category_name": "English Language Learning",
                          "topics": [
                            "English Grammar",
                            "English Conversation",
                            "English Language",
                            "Hindi Language",
                            "Tamil Language",
                            "Business English",
                            "English Pronunciation",
                            "English Vocabulary",
                            "Accent Reduction",
                            "Job Search"
                          ]
                        },
                        {
                          "sub_category_name": "World Languages",
                          "topics": [
                            "Hindi Language",
                            "Kannada Language",
                            "Dutch Language",
                            "Thai Language",
                            "Sign Language",
                            "Sanskrit Language",
                            "Japanese Language",
                            "French Language"
                          ]
                        },
                        {
                          "sub_category_name": "English Language Test Prep",
                          "topics": [
                            "IELTS"
                          ]
                        }
                      ]                      
                },
                {
                    "category_name":"Personal Development",
                    "sub_categories":[
                        {
                          "sub_category_name": "Personal Growth",
                          "topics": [
                            "Critical Thinking",
                            "Personal Development",
                            "Self-Hypnosis",
                            "Resume and CV Writing",
                            "Investigation",
                            "Time Management",
                            "Growth Mindset",
                            "Personal Productivity",
                            "Call Center",
                            "English Grammar",
                            "Focus Mastery",
                            "Memory",
                            "Speed Reading",
                            "Learning Strategies",
                            "Creativity",
                            "Decision Making",
                            "Problem Solving",
                            "Running",
                            "Meditation",
                            "Solution Focused Therapy",
                            "Art History",
                            "Flamenco Guitar"
                          ]
                        },
                        {
                          "sub_category_name": "Arts & Creativity",
                          "topics": [
                            "Storytelling",
                            "Ableton Live",
                            "Cartoon Drawing",
                            "Guitar",
                            "Bread Baking",
                            "Sourdough Bread Baking"
                          ]
                        },
                        {
                          "sub_category_name": "Entrepreneurship",
                          "topics": [
                            "Entrepreneurship Fundamentals"
                          ]
                        },
                        {
                          "sub_category_name": "Life Skills",
                          "topics": [
                            "Electricity",
                            "Electrical Writing",
                            "Personal Finance"
                          ]
                        }
                      ]                      
                }
            ]
        }
    ]
}